Passenger Class,Percentage Survived
1,62.962962963
2,47.2826086957
3,24.2362525458
