Sex,Percentage Survived
Male,18.8908145581
Female,74.2038216561